,few_shot_preds
0,digestive system diseases
1,cardiovascular diseases
2,digestive system diseases
3,digestive system diseases
4,digestive system diseases
5,general pathological conditions
6,general pathological conditions
7,general pathological conditions
8,nervous system diseases
9,general pathological conditions
10,nervous system diseases
11,digestive system diseases
12,general pathological conditions
13,cardiovascular diseases
14,digestive system diseases
15,general pathological conditions
16,digestive system diseases
17,nervous system diseases
18,nervous system diseases
19,nervous system diseases
20,general pathological conditions
21,nervous system diseases
22,nervous system diseases
23,neoplasms
24,neoplasms
25,cardiovascular diseases
26,nervous system diseases
27,cardiovascular diseases
28,general pathological conditions
29,nervous system diseases
30,general pathological conditions
31,nervous system diseases
32,neoplasms
33,cardiovascular diseases
34,general pathological conditions
35,cardiovascular diseases
36,cardiovascular diseases
37,general pathological conditions
38,neoplasms
39,cardiovascular diseases
40,neoplasms
41,digestive system diseases
42,nervous system diseases
43,cardiovascular diseases
44,digestive system diseases
45,neoplasms
46,general pathological conditions
47,general pathological conditions
48,general pathological conditions
49,nervous system diseases
50,cardiovascular diseases
51,cardiovascular diseases
52,cardiovascular diseases
53,digestive system diseases
54,neoplasms
55,neoplasms
56,digestive system diseases
57,cardiovascular diseases
58,digestive system diseases
59,general pathological conditions
60,neoplasms
61,nervous system diseases
62,neoplasms
63,general pathological conditions
64,cardiovascular diseases
65,neoplasms
66,general pathological conditions
67,digestive system diseases
68,general pathological conditions
69,general pathological conditions
70,general pathological conditions
71,nervous system diseases
72,general pathological conditions
73,nervous system diseases
74,neoplasms
75,nervous system diseases
76,nervous system diseases
77,nervous system diseases
78,general pathological conditions
79,nervous system diseases
80,digestive system diseases
81,nervous system diseases
82,nervous system diseases
83,nervous system diseases
84,general pathological conditions
85,neoplasms
86,general pathological conditions
87,general pathological conditions
88,digestive system diseases
89,neoplasms
90,general pathological conditions
91,general pathological conditions
92,neoplasms
93,cardiovascular diseases
94,neoplasms
95,general pathological conditions
96,general pathological conditions
97,nervous system diseases
98,general pathological conditions
99,general pathological conditions
100,cardiovascular diseases
101,digestive system diseases
102,digestive system diseases
103,general pathological conditions
104,general pathological conditions
105,neoplasms
106,general pathological conditions
107,neoplasms
108,cardiovascular diseases
109,cardiovascular diseases
110,cardiovascular diseases
111,general pathological conditions
112,general pathological conditions
113,neoplasms
114,neoplasms
115,neoplasms
116,general pathological conditions
117,cardiovascular diseases
118,general pathological conditions
119,digestive system diseases
120,cardiovascular diseases
121,digestive system diseases
122,nervous system diseases
123,nervous system diseases
124,digestive system diseases
125,digestive system diseases
126,cardiovascular diseases
127,nervous system diseases
128,digestive system diseases
129,cardiovascular diseases
130,general pathological conditions
131,digestive system diseases
132,digestive system diseases
133,cardiovascular diseases
134,general pathological conditions
135,nervous system diseases
136,cardiovascular diseases
137,cardiovascular diseases
138,general pathological conditions
139,digestive system diseases
140,general pathological conditions
141,nervous system diseases
142,general pathological conditions
143,cardiovascular diseases
144,digestive system diseases
145,general pathological conditions
146,neoplasms
147,neoplasms
148,general pathological conditions
149,neoplasms
150,digestive system diseases
151,cardiovascular diseases
152,general pathological conditions
153,neoplasms
154,nervous system diseases
155,general pathological conditions
156,nervous system diseases
157,neoplasms
158,cardiovascular diseases
159,cardiovascular diseases
160,neoplasms
161,digestive system diseases
162,nervous system diseases
163,general pathological conditions
164,digestive system diseases
165,cardiovascular diseases
166,digestive system diseases
167,general pathological conditions
168,neoplasms
169,neoplasms
170,general pathological conditions
171,general pathological conditions
172,cardiovascular diseases
173,cardiovascular diseases
174,digestive system diseases
175,neoplasms
176,general pathological conditions
177,general pathological conditions
178,general pathological conditions
179,general pathological conditions
180,general pathological conditions
181,nervous system diseases
182,nervous system diseases
183,nervous system diseases
184,nervous system diseases
185,neoplasms
186,nervous system diseases
187,digestive system diseases
188,digestive system diseases
189,neoplasms
190,general pathological conditions
191,neoplasms
192,digestive system diseases
193,cardiovascular diseases
194,cardiovascular diseases
195,neoplasms
196,neoplasms
197,neoplasms
198,digestive system diseases
199,neoplasms
200,nervous system diseases
201,cardiovascular diseases
202,cardiovascular diseases
203,general pathological conditions
204,general pathological conditions
205,digestive system diseases
206,cardiovascular diseases
207,general pathological conditions
208,neoplasms
209,general pathological conditions
210,general pathological conditions
211,nervous system diseases
212,cardiovascular diseases
213,cardiovascular diseases
214,general pathological conditions
215,cardiovascular diseases
216,nervous system diseases
217,nervous system diseases
218,neoplasms
219,digestive system diseases
220,neoplasms
221,general pathological conditions
222,neoplasms
223,neoplasms
224,neoplasms
225,neoplasms
226,digestive system diseases
227,neoplasms
228,neoplasms
229,general pathological conditions
230,neoplasms
231,digestive system diseases
232,nervous system diseases
233,neoplasms
234,cardiovascular diseases
235,cardiovascular diseases
236,general pathological conditions
237,cardiovascular diseases
238,nervous system diseases
239,cardiovascular diseases
240,general pathological conditions
241,digestive system diseases
242,neoplasms
243,general pathological conditions
244,general pathological conditions
245,digestive system diseases
246,general pathological conditions
247,nervous system diseases
248,digestive system diseases
249,cardiovascular diseases
250,general pathological conditions
251,neoplasms
252,general pathological conditions
253,digestive system diseases
254,cardiovascular diseases
255,digestive system diseases
256,cardiovascular diseases
257,nervous system diseases
258,cardiovascular diseases
259,nervous system diseases
260,general pathological conditions
261,nervous system diseases
262,general pathological conditions
263,nervous system diseases
264,cardiovascular diseases
265,general pathological conditions
266,neoplasms
267,cardiovascular diseases
268,nervous system diseases
269,digestive system diseases
270,digestive system diseases
271,cardiovascular diseases
272,nervous system diseases
273,neoplasms
274,nervous system diseases
275,general pathological conditions
276,neoplasms
277,general pathological conditions
278,neoplasms
279,neoplasms
280,neoplasms
281,cardiovascular diseases
282,general pathological conditions
283,cardiovascular diseases
284,general pathological conditions
285,general pathological conditions
286,general pathological conditions
287,digestive system diseases
288,general pathological conditions
289,digestive system diseases
290,nervous system diseases
291,nervous system diseases
292,cardiovascular diseases
293,general pathological conditions
294,neoplasms
295,general pathological conditions
296,neoplasms
297,cardiovascular diseases
298,general pathological conditions
299,neoplasms
300,nervous system diseases
301,nervous system diseases
302,general pathological conditions
303,nervous system diseases
304,digestive system diseases
305,general pathological conditions
306,general pathological conditions
307,cardiovascular diseases
308,nervous system diseases
309,neoplasms
310,general pathological conditions
311,digestive system diseases
312,cardiovascular diseases
313,general pathological conditions
314,nervous system diseases
315,digestive system diseases
316,digestive system diseases
317,nervous system diseases
318,general pathological conditions
319,general pathological conditions
320,digestive system diseases
321,general pathological conditions
322,nervous system diseases
323,neoplasms
324,cardiovascular diseases
325,cardiovascular diseases
326,digestive system diseases
327,nervous system diseases
328,general pathological conditions
329,general pathological conditions
330,neoplasms
331,neoplasms
332,nervous system diseases
333,neoplasms
334,neoplasms
335,digestive system diseases
336,cardiovascular diseases
337,general pathological conditions
338,general pathological conditions
339,general pathological conditions
340,digestive system diseases
341,general pathological conditions
342,cardiovascular diseases
343,nervous system diseases
344,general pathological conditions
345,cardiovascular diseases
346,cardiovascular diseases
347,digestive system diseases
348,digestive system diseases
349,neoplasms
350,cardiovascular diseases
351,neoplasms
352,digestive system diseases
353,nervous system diseases
354,general pathological conditions
355,digestive system diseases
356,digestive system diseases
357,neoplasms
358,general pathological conditions
359,digestive system diseases
360,nervous system diseases
361,general pathological conditions
362,digestive system diseases
363,neoplasms
364,digestive system diseases
365,cardiovascular diseases
366,neoplasms
367,general pathological conditions
368,general pathological conditions
369,nervous system diseases
370,nervous system diseases
371,digestive system diseases
372,general pathological conditions
373,neoplasms
374,digestive system diseases
375,neoplasms
376,general pathological conditions
377,general pathological conditions
378,cardiovascular diseases
379,digestive system diseases
380,cardiovascular diseases
381,cardiovascular diseases
382,cardiovascular diseases
383,cardiovascular diseases
384,cardiovascular diseases
385,general pathological conditions
386,nervous system diseases
387,general pathological conditions
388,nervous system diseases
389,digestive system diseases
390,general pathological conditions
391,digestive system diseases
392,general pathological conditions
393,cardiovascular diseases
394,general pathological conditions
395,general pathological conditions
396,digestive system diseases
397,general pathological conditions
398,general pathological conditions
399,general pathological conditions
400,nervous system diseases
401,cardiovascular diseases
402,nervous system diseases
403,nervous system diseases
404,neoplasms
405,neoplasms
406,cardiovascular diseases
407,digestive system diseases
408,general pathological conditions
409,general pathological conditions
410,neoplasms
411,cardiovascular diseases
412,neoplasms
413,digestive system diseases
414,general pathological conditions
415,general pathological conditions
416,cardiovascular diseases
417,general pathological conditions
418,neoplasms
419,neoplasms
420,general pathological conditions
421,cardiovascular diseases
422,cardiovascular diseases
423,general pathological conditions
424,general pathological conditions
425,digestive system diseases
426,general pathological conditions
427,neoplasms
428,digestive system diseases
429,cardiovascular diseases
430,general pathological conditions
431,neoplasms
432,neoplasms
433,cardiovascular diseases
434,general pathological conditions
435,cardiovascular diseases
436,neoplasms
437,neoplasms
438,digestive system diseases
439,nervous system diseases
440,general pathological conditions
441,cardiovascular diseases
442,general pathological conditions
443,cardiovascular diseases
444,nervous system diseases
445,cardiovascular diseases
446,general pathological conditions
447,general pathological conditions
448,neoplasms
449,cardiovascular diseases
450,cardiovascular diseases
451,general pathological conditions
452,nervous system diseases
453,neoplasms
454,general pathological conditions
455,nervous system diseases
456,nervous system diseases
457,nervous system diseases
458,general pathological conditions
459,cardiovascular diseases
460,neoplasms
461,cardiovascular diseases
462,general pathological conditions
463,cardiovascular diseases
464,digestive system diseases
465,nervous system diseases
466,digestive system diseases
467,digestive system diseases
468,neoplasms
469,nervous system diseases
470,general pathological conditions
471,general pathological conditions
472,cardiovascular diseases
473,neoplasms
474,digestive system diseases
475,general pathological conditions
476,general pathological conditions
477,nervous system diseases
478,nervous system diseases
479,cardiovascular diseases
480,nervous system diseases
481,general pathological conditions
482,neoplasms
483,digestive system diseases
484,nervous system diseases
485,general pathological conditions
486,cardiovascular diseases
487,general pathological conditions
488,cardiovascular diseases
489,cardiovascular diseases
490,cardiovascular diseases
491,general pathological conditions
492,neoplasms
493,cardiovascular diseases
494,digestive system diseases
495,neoplasms
496,nervous system diseases
497,general pathological conditions
498,neoplasms
499,neoplasms
500,neoplasms
501,digestive system diseases
502,cardiovascular diseases
503,digestive system diseases
504,nervous system diseases
505,cardiovascular diseases
506,digestive system diseases
507,nervous system diseases
508,nervous system diseases
509,nervous system diseases
510,general pathological conditions
511,cardiovascular diseases
512,digestive system diseases
513,cardiovascular diseases
514,digestive system diseases
515,general pathological conditions
516,cardiovascular diseases
517,cardiovascular diseases
518,nervous system diseases
519,digestive system diseases
520,cardiovascular diseases
521,nervous system diseases
522,cardiovascular diseases
523,cardiovascular diseases
524,digestive system diseases
525,general pathological conditions
526,general pathological conditions
527,nervous system diseases
528,neoplasms
529,digestive system diseases
530,nervous system diseases
531,cardiovascular diseases
532,cardiovascular diseases
533,nervous system diseases
534,digestive system diseases
535,nervous system diseases
536,general pathological conditions
537,general pathological conditions
538,nervous system diseases
539,cardiovascular diseases
540,general pathological conditions
541,neoplasms
542,nervous system diseases
543,cardiovascular diseases
544,cardiovascular diseases
545,neoplasms
546,general pathological conditions
547,cardiovascular diseases
548,digestive system diseases
549,digestive system diseases
550,digestive system diseases
551,cardiovascular diseases
552,cardiovascular diseases
553,neoplasms
554,digestive system diseases
555,general pathological conditions
556,cardiovascular diseases
557,digestive system diseases
558,neoplasms
559,neoplasms
560,general pathological conditions
561,general pathological conditions
562,general pathological conditions
563,cardiovascular diseases
564,cardiovascular diseases
565,general pathological conditions
566,neoplasms
567,general pathological conditions
568,nervous system diseases
569,nervous system diseases
570,neoplasms
571,cardiovascular diseases
572,digestive system diseases
573,general pathological conditions
574,digestive system diseases
575,digestive system diseases
576,general pathological conditions
577,nervous system diseases
578,digestive system diseases
579,general pathological conditions
580,general pathological conditions
581,digestive system diseases
582,general pathological conditions
583,general pathological conditions
584,general pathological conditions
585,neoplasms
586,neoplasms
587,cardiovascular diseases
588,digestive system diseases
589,general pathological conditions
590,neoplasms
591,general pathological conditions
592,cardiovascular diseases
593,digestive system diseases
594,general pathological conditions
595,general pathological conditions
596,neoplasms
597,cardiovascular diseases
598,cardiovascular diseases
599,nervous system diseases
600,neoplasms
601,cardiovascular diseases
602,general pathological conditions
603,digestive system diseases
604,cardiovascular diseases
605,general pathological conditions
606,nervous system diseases
607,cardiovascular diseases
608,general pathological conditions
609,digestive system diseases
610,general pathological conditions
611,nervous system diseases
612,neoplasms
613,digestive system diseases
614,nervous system diseases
615,cardiovascular diseases
616,nervous system diseases
617,cardiovascular diseases
618,cardiovascular diseases
619,general pathological conditions
620,general pathological conditions
621,cardiovascular diseases
622,general pathological conditions
623,nervous system diseases
624,general pathological conditions
625,general pathological conditions
626,cardiovascular diseases
627,digestive system diseases
628,neoplasms
629,general pathological conditions
630,cardiovascular diseases
631,cardiovascular diseases
632,general pathological conditions
633,cardiovascular diseases
634,general pathological conditions
635,neoplasms
636,neoplasms
637,neoplasms
638,digestive system diseases
639,digestive system diseases
640,digestive system diseases
641,neoplasms
642,general pathological conditions
643,neoplasms
644,nervous system diseases
645,nervous system diseases
646,cardiovascular diseases
647,cardiovascular diseases
648,nervous system diseases
649,general pathological conditions
650,nervous system diseases
651,cardiovascular diseases
652,cardiovascular diseases
653,digestive system diseases
654,general pathological conditions
655,general pathological conditions
656,neoplasms
657,cardiovascular diseases
658,nervous system diseases
659,neoplasms
660,digestive system diseases
661,nervous system diseases
662,general pathological conditions
663,digestive system diseases
664,cardiovascular diseases
665,neoplasms
666,general pathological conditions
667,cardiovascular diseases
668,digestive system diseases
669,cardiovascular diseases
670,general pathological conditions
671,cardiovascular diseases
672,nervous system diseases
673,general pathological conditions
674,digestive system diseases
675,digestive system diseases
676,neoplasms
677,digestive system diseases
678,neoplasms
679,digestive system diseases
680,cardiovascular diseases
681,nervous system diseases
682,cardiovascular diseases
683,general pathological conditions
684,general pathological conditions
685,cardiovascular diseases
686,cardiovascular diseases
687,cardiovascular diseases
688,cardiovascular diseases
689,neoplasms
690,cardiovascular diseases
691,neoplasms
692,general pathological conditions
693,digestive system diseases
694,neoplasms
695,nervous system diseases
696,cardiovascular diseases
697,nervous system diseases
698,cardiovascular diseases
699,general pathological conditions
700,neoplasms
701,general pathological conditions
702,cardiovascular diseases
703,digestive system diseases
704,cardiovascular diseases
705,neoplasms
706,nervous system diseases
707,cardiovascular diseases
708,nervous system diseases
709,general pathological conditions
710,general pathological conditions
711,nervous system diseases
712,nervous system diseases
713,digestive system diseases
714,cardiovascular diseases
715,general pathological conditions
716,cardiovascular diseases
717,neoplasms
718,cardiovascular diseases
719,neoplasms
720,cardiovascular diseases
721,cardiovascular diseases
722,digestive system diseases
723,cardiovascular diseases
724,general pathological conditions
725,general pathological conditions
726,nervous system diseases
727,neoplasms
728,general pathological conditions
729,cardiovascular diseases
730,general pathological conditions
731,nervous system diseases
732,digestive system diseases
733,digestive system diseases
734,cardiovascular diseases
735,nervous system diseases
736,neoplasms
737,nervous system diseases
738,nervous system diseases
739,general pathological conditions
740,general pathological conditions
741,cardiovascular diseases
742,neoplasms
743,general pathological conditions
744,digestive system diseases
745,neoplasms
746,digestive system diseases
747,neoplasms
748,digestive system diseases
749,general pathological conditions
750,general pathological conditions
751,cardiovascular diseases
752,neoplasms
753,cardiovascular diseases
754,nervous system diseases
755,general pathological conditions
756,cardiovascular diseases
757,general pathological conditions
758,general pathological conditions
759,general pathological conditions
760,cardiovascular diseases
761,general pathological conditions
762,nervous system diseases
763,neoplasms
764,digestive system diseases
765,nervous system diseases
766,neoplasms
767,neoplasms
768,cardiovascular diseases
769,cardiovascular diseases
770,general pathological conditions
771,neoplasms
772,digestive system diseases
773,cardiovascular diseases
774,general pathological conditions
775,neoplasms
776,nervous system diseases
777,neoplasms
778,general pathological conditions
779,nervous system diseases
780,cardiovascular diseases
781,nervous system diseases
782,nervous system diseases
783,neoplasms
784,neoplasms
785,general pathological conditions
786,general pathological conditions
787,general pathological conditions
788,cardiovascular diseases
789,general pathological conditions
790,neoplasms
791,cardiovascular diseases
792,general pathological conditions
793,general pathological conditions
794,general pathological conditions
795,neoplasms
796,general pathological conditions
797,neoplasms
798,cardiovascular diseases
799,digestive system diseases
800,nervous system diseases
801,general pathological conditions
802,digestive system diseases
803,nervous system diseases
804,neoplasms
805,cardiovascular diseases
806,general pathological conditions
807,digestive system diseases
808,general pathological conditions
809,cardiovascular diseases
810,general pathological conditions
811,digestive system diseases
812,neoplasms
813,cardiovascular diseases
814,general pathological conditions
815,general pathological conditions
816,digestive system diseases
817,cardiovascular diseases
818,nervous system diseases
819,general pathological conditions
820,digestive system diseases
821,cardiovascular diseases
822,cardiovascular diseases
823,nervous system diseases
824,digestive system diseases
825,cardiovascular diseases
826,neoplasms
827,general pathological conditions
828,cardiovascular diseases
829,general pathological conditions
830,nervous system diseases
831,cardiovascular diseases
832,general pathological conditions
833,neoplasms
834,digestive system diseases
835,neoplasms
836,general pathological conditions
837,general pathological conditions
838,general pathological conditions
839,general pathological conditions
840,general pathological conditions
841,nervous system diseases
842,general pathological conditions
843,digestive system diseases
844,digestive system diseases
845,cardiovascular diseases
846,digestive system diseases
847,general pathological conditions
848,neoplasms
849,nervous system diseases
850,neoplasms
851,cardiovascular diseases
852,nervous system diseases
853,digestive system diseases
854,general pathological conditions
855,general pathological conditions
856,neoplasms
857,general pathological conditions
858,neoplasms
859,neoplasms
860,general pathological conditions
861,general pathological conditions
862,nervous system diseases
863,general pathological conditions
864,digestive system diseases
865,nervous system diseases
866,digestive system diseases
867,neoplasms
868,nervous system diseases
869,general pathological conditions
870,nervous system diseases
871,cardiovascular diseases
872,digestive system diseases
873,nervous system diseases
874,neoplasms
875,general pathological conditions
876,neoplasms
877,digestive system diseases
878,digestive system diseases
879,cardiovascular diseases
880,general pathological conditions
881,cardiovascular diseases
882,neoplasms
883,general pathological conditions
884,cardiovascular diseases
885,cardiovascular diseases
886,general pathological conditions
887,general pathological conditions
888,general pathological conditions
889,neoplasms
890,general pathological conditions
891,general pathological conditions
892,general pathological conditions
893,general pathological conditions
894,nervous system diseases
895,cardiovascular diseases
896,general pathological conditions
897,cardiovascular diseases
898,digestive system diseases
899,neoplasms
900,general pathological conditions
901,general pathological conditions
902,cardiovascular diseases
903,neoplasms
904,digestive system diseases
905,neoplasms
906,neoplasms
907,neoplasms
908,cardiovascular diseases
909,general pathological conditions
910,cardiovascular diseases
911,general pathological conditions
912,cardiovascular diseases
913,digestive system diseases
914,cardiovascular diseases
915,nervous system diseases
916,neoplasms
917,digestive system diseases
918,cardiovascular diseases
919,neoplasms
920,general pathological conditions
921,digestive system diseases
922,nervous system diseases
923,digestive system diseases
924,neoplasms
925,cardiovascular diseases
926,cardiovascular diseases
927,cardiovascular diseases
928,cardiovascular diseases
929,nervous system diseases
930,cardiovascular diseases
931,neoplasms
932,cardiovascular diseases
933,cardiovascular diseases
934,general pathological conditions
935,digestive system diseases
936,neoplasms
937,general pathological conditions
938,general pathological conditions
939,general pathological conditions
940,cardiovascular diseases
941,digestive system diseases
942,general pathological conditions
943,neoplasms
944,digestive system diseases
945,general pathological conditions
946,neoplasms
947,neoplasms
948,digestive system diseases
949,cardiovascular diseases
950,cardiovascular diseases
951,general pathological conditions
952,digestive system diseases
953,cardiovascular diseases
954,general pathological conditions
955,digestive system diseases
956,cardiovascular diseases
957,general pathological conditions
958,cardiovascular diseases
959,nervous system diseases
960,neoplasms
961,nervous system diseases
962,digestive system diseases
963,cardiovascular diseases
964,neoplasms
965,neoplasms
966,general pathological conditions
967,nervous system diseases
968,general pathological conditions
969,general pathological conditions
970,cardiovascular diseases
971,cardiovascular diseases
972,general pathological conditions
973,digestive system diseases
974,nervous system diseases
975,cardiovascular diseases
976,cardiovascular diseases
977,digestive system diseases
978,digestive system diseases
979,digestive system diseases
980,general pathological conditions
981,general pathological conditions
982,cardiovascular diseases
983,general pathological conditions
984,neoplasms
985,cardiovascular diseases
986,nervous system diseases
987,nervous system diseases
988,general pathological conditions
989,general pathological conditions
990,cardiovascular diseases
991,neoplasms
992,cardiovascular diseases
993,digestive system diseases
994,cardiovascular diseases
995,nervous system diseases
996,general pathological conditions
997,neoplasms
998,general pathological conditions
999,cardiovascular diseases
1000,general pathological conditions
1001,digestive system diseases
1002,general pathological conditions
1003,digestive system diseases
1004,general pathological conditions
1005,cardiovascular diseases
1006,cardiovascular diseases
1007,neoplasms
1008,cardiovascular diseases
1009,neoplasms
1010,nervous system diseases
1011,neoplasms
1012,neoplasms
1013,neoplasms
1014,general pathological conditions
1015,general pathological conditions
1016,cardiovascular diseases
1017,digestive system diseases
1018,digestive system diseases
1019,digestive system diseases
1020,neoplasms
1021,general pathological conditions
1022,digestive system diseases
1023,general pathological conditions
1024,general pathological conditions
1025,cardiovascular diseases
1026,digestive system diseases
1027,cardiovascular diseases
1028,cardiovascular diseases
1029,general pathological conditions
1030,digestive system diseases
1031,general pathological conditions
1032,nervous system diseases
1033,general pathological conditions
1034,cardiovascular diseases
1035,neoplasms
1036,nervous system diseases
1037,general pathological conditions
1038,digestive system diseases
1039,digestive system diseases
1040,cardiovascular diseases
1041,general pathological conditions
1042,general pathological conditions
1043,cardiovascular diseases
1044,nervous system diseases
1045,neoplasms
1046,neoplasms
1047,cardiovascular diseases
1048,digestive system diseases
1049,general pathological conditions
1050,general pathological conditions
1051,neoplasms
1052,cardiovascular diseases
1053,general pathological conditions
1054,cardiovascular diseases
1055,digestive system diseases
1056,digestive system diseases
1057,general pathological conditions
1058,general pathological conditions
1059,digestive system diseases
1060,cardiovascular diseases
1061,general pathological conditions
1062,general pathological conditions
1063,nervous system diseases
1064,general pathological conditions
1065,general pathological conditions
1066,cardiovascular diseases
1067,digestive system diseases
1068,nervous system diseases
1069,general pathological conditions
1070,general pathological conditions
1071,neoplasms
1072,nervous system diseases
1073,general pathological conditions
1074,cardiovascular diseases
1075,general pathological conditions
1076,neoplasms
1077,general pathological conditions
1078,digestive system diseases
1079,general pathological conditions
1080,cardiovascular diseases
1081,general pathological conditions
1082,digestive system diseases
1083,neoplasms
1084,general pathological conditions
1085,cardiovascular diseases
1086,neoplasms
1087,neoplasms
1088,neoplasms
1089,digestive system diseases
1090,nervous system diseases
1091,digestive system diseases
1092,nervous system diseases
1093,nervous system diseases
1094,digestive system diseases
1095,cardiovascular diseases
1096,nervous system diseases
1097,neoplasms
1098,digestive system diseases
1099,digestive system diseases
1100,general pathological conditions
1101,digestive system diseases
1102,nervous system diseases
1103,nervous system diseases
1104,cardiovascular diseases
1105,cardiovascular diseases
1106,cardiovascular diseases
1107,cardiovascular diseases
1108,cardiovascular diseases
1109,nervous system diseases
1110,digestive system diseases
1111,cardiovascular diseases
1112,digestive system diseases
1113,neoplasms
1114,general pathological conditions
1115,digestive system diseases
1116,cardiovascular diseases
1117,nervous system diseases
1118,nervous system diseases
1119,general pathological conditions
1120,cardiovascular diseases
1121,digestive system diseases
1122,digestive system diseases
1123,nervous system diseases
1124,digestive system diseases
1125,nervous system diseases
1126,digestive system diseases
1127,neoplasms
1128,general pathological conditions
1129,digestive system diseases
1130,general pathological conditions
1131,digestive system diseases
1132,cardiovascular diseases
1133,nervous system diseases
1134,general pathological conditions
1135,neoplasms
1136,general pathological conditions
1137,digestive system diseases
1138,neoplasms
1139,cardiovascular diseases
1140,general pathological conditions
1141,general pathological conditions
1142,general pathological conditions
1143,general pathological conditions
1144,neoplasms
1145,general pathological conditions
1146,general pathological conditions
1147,digestive system diseases
1148,general pathological conditions
1149,neoplasms
1150,cardiovascular diseases
1151,general pathological conditions
1152,nervous system diseases
1153,cardiovascular diseases
1154,nervous system diseases
1155,general pathological conditions
1156,nervous system diseases
1157,digestive system diseases
1158,general pathological conditions
1159,digestive system diseases
1160,nervous system diseases
1161,cardiovascular diseases
1162,general pathological conditions
1163,digestive system diseases
1164,general pathological conditions
1165,digestive system diseases
1166,general pathological conditions
1167,nervous system diseases
1168,cardiovascular diseases
1169,general pathological conditions
1170,nervous system diseases
1171,cardiovascular diseases
1172,cardiovascular diseases
1173,nervous system diseases
1174,digestive system diseases
1175,neoplasms
1176,digestive system diseases
1177,digestive system diseases
1178,general pathological conditions
1179,cardiovascular diseases
1180,neoplasms
1181,cardiovascular diseases
1182,general pathological conditions
1183,general pathological conditions
1184,general pathological conditions
1185,general pathological conditions
1186,digestive system diseases
1187,general pathological conditions
1188,neoplasms
1189,general pathological conditions
1190,general pathological conditions
1191,general pathological conditions
1192,general pathological conditions
1193,nervous system diseases
1194,digestive system diseases
1195,neoplasms
1196,neoplasms
1197,general pathological conditions
1198,general pathological conditions
1199,neoplasms
1200,digestive system diseases
1201,nervous system diseases
1202,nervous system diseases
1203,neoplasms
1204,cardiovascular diseases
1205,nervous system diseases
1206,general pathological conditions
1207,nervous system diseases
1208,digestive system diseases
1209,digestive system diseases
1210,general pathological conditions
1211,digestive system diseases
1212,digestive system diseases
1213,nervous system diseases
1214,nervous system diseases
1215,nervous system diseases
1216,digestive system diseases
1217,general pathological conditions
1218,general pathological conditions
1219,nervous system diseases
1220,general pathological conditions
1221,general pathological conditions
1222,general pathological conditions
1223,general pathological conditions
1224,digestive system diseases
1225,nervous system diseases
1226,nervous system diseases
1227,nervous system diseases
1228,general pathological conditions
1229,nervous system diseases
1230,general pathological conditions
1231,nervous system diseases
1232,cardiovascular diseases
1233,digestive system diseases
1234,digestive system diseases
1235,digestive system diseases
1236,digestive system diseases
1237,cardiovascular diseases
1238,cardiovascular diseases
1239,general pathological conditions
1240,neoplasms
1241,cardiovascular diseases
1242,cardiovascular diseases
1243,neoplasms
1244,general pathological conditions
1245,neoplasms
1246,digestive system diseases
1247,general pathological conditions
1248,cardiovascular diseases
1249,cardiovascular diseases
1250,neoplasms
1251,neoplasms
1252,general pathological conditions
1253,cardiovascular diseases
1254,cardiovascular diseases
1255,general pathological conditions
1256,general pathological conditions
1257,cardiovascular diseases
1258,cardiovascular diseases
1259,neoplasms
1260,general pathological conditions
1261,digestive system diseases
1262,cardiovascular diseases
1263,cardiovascular diseases
1264,general pathological conditions
1265,cardiovascular diseases
1266,nervous system diseases
1267,neoplasms
1268,digestive system diseases
1269,cardiovascular diseases
1270,neoplasms
1271,neoplasms
1272,general pathological conditions
1273,cardiovascular diseases
1274,cardiovascular diseases
1275,general pathological conditions
1276,general pathological conditions
1277,digestive system diseases
1278,nervous system diseases
1279,nervous system diseases
1280,general pathological conditions
1281,digestive system diseases
1282,neoplasms
1283,general pathological conditions
1284,general pathological conditions
1285,cardiovascular diseases
1286,neoplasms
1287,nervous system diseases
1288,cardiovascular diseases
1289,digestive system diseases
1290,nervous system diseases
1291,general pathological conditions
1292,general pathological conditions
1293,general pathological conditions
1294,nervous system diseases
1295,general pathological conditions
1296,digestive system diseases
1297,digestive system diseases
1298,nervous system diseases
1299,digestive system diseases
1300,nervous system diseases
1301,nervous system diseases
1302,general pathological conditions
1303,neoplasms
1304,nervous system diseases
1305,general pathological conditions
1306,digestive system diseases
1307,general pathological conditions
1308,general pathological conditions
1309,neoplasms
1310,cardiovascular diseases
1311,nervous system diseases
1312,digestive system diseases
1313,neoplasms
1314,cardiovascular diseases
1315,cardiovascular diseases
1316,neoplasms
1317,general pathological conditions
1318,general pathological conditions
1319,nervous system diseases
1320,general pathological conditions
1321,neoplasms
1322,cardiovascular diseases
1323,general pathological conditions
1324,neoplasms
1325,cardiovascular diseases
1326,general pathological conditions
1327,digestive system diseases
1328,cardiovascular diseases
1329,general pathological conditions
1330,general pathological conditions
1331,nervous system diseases
1332,general pathological conditions
1333,neoplasms
1334,digestive system diseases
1335,neoplasms
1336,digestive system diseases
1337,general pathological conditions
1338,general pathological conditions
1339,nervous system diseases
1340,neoplasms
1341,general pathological conditions
1342,nervous system diseases
1343,cardiovascular diseases
1344,nervous system diseases
1345,cardiovascular diseases
1346,neoplasms
1347,general pathological conditions
1348,nervous system diseases
1349,cardiovascular diseases
1350,nervous system diseases
1351,general pathological conditions
1352,general pathological conditions
1353,cardiovascular diseases
1354,nervous system diseases
1355,general pathological conditions
1356,digestive system diseases
1357,neoplasms
1358,general pathological conditions
1359,cardiovascular diseases
1360,cardiovascular diseases
1361,digestive system diseases
1362,digestive system diseases
1363,general pathological conditions
1364,general pathological conditions
1365,general pathological conditions
1366,neoplasms
1367,general pathological conditions
1368,cardiovascular diseases
1369,cardiovascular diseases
1370,nervous system diseases
1371,nervous system diseases
1372,digestive system diseases
1373,general pathological conditions
1374,general pathological conditions
1375,general pathological conditions
1376,general pathological conditions
1377,cardiovascular diseases
1378,general pathological conditions
1379,nervous system diseases
1380,neoplasms
1381,general pathological conditions
1382,digestive system diseases
1383,neoplasms
1384,general pathological conditions
1385,nervous system diseases
1386,neoplasms
1387,neoplasms
1388,neoplasms
1389,cardiovascular diseases
1390,digestive system diseases
1391,cardiovascular diseases
1392,general pathological conditions
1393,neoplasms
1394,cardiovascular diseases
1395,cardiovascular diseases
1396,cardiovascular diseases
1397,general pathological conditions
1398,general pathological conditions
1399,general pathological conditions
1400,nervous system diseases
1401,nervous system diseases
1402,cardiovascular diseases
1403,general pathological conditions
1404,nervous system diseases
1405,general pathological conditions
1406,digestive system diseases
1407,cardiovascular diseases
1408,nervous system diseases
1409,cardiovascular diseases
1410,nervous system diseases
1411,neoplasms
1412,nervous system diseases
1413,cardiovascular diseases
1414,neoplasms
1415,cardiovascular diseases
1416,cardiovascular diseases
1417,digestive system diseases
1418,nervous system diseases
1419,cardiovascular diseases
1420,cardiovascular diseases
1421,neoplasms
1422,general pathological conditions
1423,nervous system diseases
1424,general pathological conditions
1425,nervous system diseases
1426,general pathological conditions
1427,digestive system diseases
1428,cardiovascular diseases
1429,general pathological conditions
1430,neoplasms
1431,nervous system diseases
1432,general pathological conditions
1433,digestive system diseases
1434,cardiovascular diseases
1435,nervous system diseases
1436,general pathological conditions
1437,neoplasms
1438,neoplasms
1439,cardiovascular diseases
1440,general pathological conditions
1441,digestive system diseases
1442,cardiovascular diseases
1443,general pathological conditions
