,similarity_preds
0,digestive system diseases
1,cardiovascular diseases
2,digestive system diseases
3,general pathological conditions
4,neoplasms
5,general pathological conditions
6,cardiovascular diseases
7,neoplasms
8,neoplasms
9,general pathological conditions
10,nervous system diseases
11,neoplasms
12,digestive system diseases
13,cardiovascular diseases
14,digestive system diseases
15,neoplasms
16,digestive system diseases
17,nervous system diseases
18,general pathological conditions
19,nervous system diseases
20,neoplasms
21,cardiovascular diseases
22,cardiovascular diseases
23,neoplasms
24,neoplasms
25,cardiovascular diseases
26,cardiovascular diseases
27,cardiovascular diseases
28,general pathological conditions
29,general pathological conditions
30,nervous system diseases
31,nervous system diseases
32,neoplasms
33,cardiovascular diseases
34,cardiovascular diseases
35,cardiovascular diseases
36,cardiovascular diseases
37,cardiovascular diseases
38,neoplasms
39,cardiovascular diseases
40,neoplasms
41,neoplasms
42,nervous system diseases
43,general pathological conditions
44,digestive system diseases
45,neoplasms
46,digestive system diseases
47,digestive system diseases
48,nervous system diseases
49,cardiovascular diseases
50,cardiovascular diseases
51,cardiovascular diseases
52,cardiovascular diseases
53,neoplasms
54,neoplasms
55,neoplasms
56,neoplasms
57,digestive system diseases
58,digestive system diseases
59,nervous system diseases
60,digestive system diseases
61,nervous system diseases
62,neoplasms
63,general pathological conditions
64,general pathological conditions
65,digestive system diseases
66,digestive system diseases
67,neoplasms
68,digestive system diseases
69,digestive system diseases
70,cardiovascular diseases
71,nervous system diseases
72,general pathological conditions
73,nervous system diseases
74,nervous system diseases
75,neoplasms
76,nervous system diseases
77,neoplasms
78,cardiovascular diseases
79,nervous system diseases
80,general pathological conditions
81,neoplasms
82,nervous system diseases
83,nervous system diseases
84,neoplasms
85,neoplasms
86,general pathological conditions
87,digestive system diseases
88,neoplasms
89,neoplasms
90,nervous system diseases
91,digestive system diseases
92,neoplasms
93,cardiovascular diseases
94,neoplasms
95,general pathological conditions
96,neoplasms
97,nervous system diseases
98,cardiovascular diseases
99,nervous system diseases
100,cardiovascular diseases
101,digestive system diseases
102,digestive system diseases
103,digestive system diseases
104,neoplasms
105,general pathological conditions
106,nervous system diseases
107,neoplasms
108,general pathological conditions
109,cardiovascular diseases
110,cardiovascular diseases
111,general pathological conditions
112,general pathological conditions
113,neoplasms
114,neoplasms
115,neoplasms
116,general pathological conditions
117,cardiovascular diseases
118,general pathological conditions
119,general pathological conditions
120,cardiovascular diseases
121,digestive system diseases
122,neoplasms
123,nervous system diseases
124,digestive system diseases
125,digestive system diseases
126,cardiovascular diseases
127,general pathological conditions
128,digestive system diseases
129,nervous system diseases
130,cardiovascular diseases
131,general pathological conditions
132,neoplasms
133,cardiovascular diseases
134,digestive system diseases
135,cardiovascular diseases
136,digestive system diseases
137,cardiovascular diseases
138,neoplasms
139,digestive system diseases
140,cardiovascular diseases
141,nervous system diseases
142,digestive system diseases
143,cardiovascular diseases
144,digestive system diseases
145,neoplasms
146,neoplasms
147,neoplasms
148,general pathological conditions
149,neoplasms
150,cardiovascular diseases
151,cardiovascular diseases
152,general pathological conditions
153,neoplasms
154,cardiovascular diseases
155,cardiovascular diseases
156,general pathological conditions
157,neoplasms
158,cardiovascular diseases
159,cardiovascular diseases
160,neoplasms
161,neoplasms
162,nervous system diseases
163,general pathological conditions
164,general pathological conditions
165,cardiovascular diseases
166,digestive system diseases
167,digestive system diseases
168,neoplasms
169,neoplasms
170,cardiovascular diseases
171,cardiovascular diseases
172,cardiovascular diseases
173,cardiovascular diseases
174,digestive system diseases
175,neoplasms
176,general pathological conditions
177,digestive system diseases
178,digestive system diseases
179,general pathological conditions
180,general pathological conditions
181,cardiovascular diseases
182,general pathological conditions
183,nervous system diseases
184,nervous system diseases
185,neoplasms
186,nervous system diseases
187,digestive system diseases
188,digestive system diseases
189,neoplasms
190,digestive system diseases
191,neoplasms
192,general pathological conditions
193,cardiovascular diseases
194,cardiovascular diseases
195,digestive system diseases
196,neoplasms
197,nervous system diseases
198,general pathological conditions
199,neoplasms
200,nervous system diseases
201,nervous system diseases
202,general pathological conditions
203,cardiovascular diseases
204,nervous system diseases
205,digestive system diseases
206,cardiovascular diseases
207,general pathological conditions
208,neoplasms
209,neoplasms
210,general pathological conditions
211,nervous system diseases
212,general pathological conditions
213,cardiovascular diseases
214,nervous system diseases
215,cardiovascular diseases
216,nervous system diseases
217,nervous system diseases
218,neoplasms
219,general pathological conditions
220,neoplasms
221,cardiovascular diseases
222,general pathological conditions
223,neoplasms
224,general pathological conditions
225,neoplasms
226,general pathological conditions
227,cardiovascular diseases
228,neoplasms
229,cardiovascular diseases
230,neoplasms
231,neoplasms
232,nervous system diseases
233,neoplasms
234,cardiovascular diseases
235,general pathological conditions
236,cardiovascular diseases
237,cardiovascular diseases
238,digestive system diseases
239,cardiovascular diseases
240,neoplasms
241,general pathological conditions
242,neoplasms
243,cardiovascular diseases
244,general pathological conditions
245,general pathological conditions
246,neoplasms
247,neoplasms
248,general pathological conditions
249,cardiovascular diseases
250,nervous system diseases
251,digestive system diseases
252,general pathological conditions
253,digestive system diseases
254,cardiovascular diseases
255,digestive system diseases
256,cardiovascular diseases
257,cardiovascular diseases
258,cardiovascular diseases
259,neoplasms
260,nervous system diseases
261,nervous system diseases
262,nervous system diseases
263,nervous system diseases
264,cardiovascular diseases
265,nervous system diseases
266,neoplasms
267,cardiovascular diseases
268,nervous system diseases
269,neoplasms
270,general pathological conditions
271,cardiovascular diseases
272,nervous system diseases
273,neoplasms
274,nervous system diseases
275,general pathological conditions
276,neoplasms
277,nervous system diseases
278,neoplasms
279,neoplasms
280,neoplasms
281,general pathological conditions
282,general pathological conditions
283,cardiovascular diseases
284,nervous system diseases
285,general pathological conditions
286,digestive system diseases
287,digestive system diseases
288,nervous system diseases
289,digestive system diseases
290,nervous system diseases
291,nervous system diseases
292,nervous system diseases
293,general pathological conditions
294,neoplasms
295,digestive system diseases
296,neoplasms
297,cardiovascular diseases
298,digestive system diseases
299,general pathological conditions
300,nervous system diseases
301,general pathological conditions
302,nervous system diseases
303,cardiovascular diseases
304,digestive system diseases
305,cardiovascular diseases
306,neoplasms
307,cardiovascular diseases
308,nervous system diseases
309,neoplasms
310,neoplasms
311,digestive system diseases
312,cardiovascular diseases
313,nervous system diseases
314,nervous system diseases
315,digestive system diseases
316,general pathological conditions
317,neoplasms
318,nervous system diseases
319,general pathological conditions
320,neoplasms
321,general pathological conditions
322,nervous system diseases
323,neoplasms
324,cardiovascular diseases
325,cardiovascular diseases
326,digestive system diseases
327,nervous system diseases
328,general pathological conditions
329,digestive system diseases
330,neoplasms
331,neoplasms
332,nervous system diseases
333,neoplasms
334,neoplasms
335,digestive system diseases
336,cardiovascular diseases
337,cardiovascular diseases
338,cardiovascular diseases
339,general pathological conditions
340,digestive system diseases
341,neoplasms
342,cardiovascular diseases
343,nervous system diseases
344,digestive system diseases
345,cardiovascular diseases
346,cardiovascular diseases
347,digestive system diseases
348,cardiovascular diseases
349,general pathological conditions
350,cardiovascular diseases
351,neoplasms
352,neoplasms
353,nervous system diseases
354,neoplasms
355,digestive system diseases
356,digestive system diseases
357,general pathological conditions
358,digestive system diseases
359,digestive system diseases
360,neoplasms
361,neoplasms
362,digestive system diseases
363,neoplasms
364,digestive system diseases
365,cardiovascular diseases
366,neoplasms
367,neoplasms
368,nervous system diseases
369,cardiovascular diseases
370,cardiovascular diseases
371,digestive system diseases
372,nervous system diseases
373,neoplasms
374,general pathological conditions
375,digestive system diseases
376,neoplasms
377,digestive system diseases
378,neoplasms
379,digestive system diseases
380,cardiovascular diseases
381,cardiovascular diseases
382,cardiovascular diseases
383,cardiovascular diseases
384,general pathological conditions
385,nervous system diseases
386,digestive system diseases
387,digestive system diseases
388,nervous system diseases
389,digestive system diseases
390,cardiovascular diseases
391,cardiovascular diseases
392,general pathological conditions
393,cardiovascular diseases
394,cardiovascular diseases
395,digestive system diseases
396,neoplasms
397,nervous system diseases
398,neoplasms
399,general pathological conditions
400,nervous system diseases
401,cardiovascular diseases
402,nervous system diseases
403,general pathological conditions
404,neoplasms
405,general pathological conditions
406,cardiovascular diseases
407,digestive system diseases
408,digestive system diseases
409,general pathological conditions
410,neoplasms
411,cardiovascular diseases
412,neoplasms
413,digestive system diseases
414,digestive system diseases
415,general pathological conditions
416,cardiovascular diseases
417,neoplasms
418,general pathological conditions
419,neoplasms
420,general pathological conditions
421,cardiovascular diseases
422,cardiovascular diseases
423,digestive system diseases
424,neoplasms
425,digestive system diseases
426,cardiovascular diseases
427,neoplasms
428,digestive system diseases
429,cardiovascular diseases
430,cardiovascular diseases
431,neoplasms
432,neoplasms
433,general pathological conditions
434,neoplasms
435,cardiovascular diseases
436,general pathological conditions
437,general pathological conditions
438,nervous system diseases
439,nervous system diseases
440,digestive system diseases
441,general pathological conditions
442,general pathological conditions
443,general pathological conditions
444,nervous system diseases
445,nervous system diseases
446,neoplasms
447,cardiovascular diseases
448,neoplasms
449,cardiovascular diseases
450,general pathological conditions
451,neoplasms
452,general pathological conditions
453,neoplasms
454,nervous system diseases
455,nervous system diseases
456,cardiovascular diseases
457,nervous system diseases
458,cardiovascular diseases
459,general pathological conditions
460,neoplasms
461,cardiovascular diseases
462,cardiovascular diseases
463,cardiovascular diseases
464,digestive system diseases
465,cardiovascular diseases
466,digestive system diseases
467,digestive system diseases
468,neoplasms
469,nervous system diseases
470,neoplasms
471,cardiovascular diseases
472,cardiovascular diseases
473,nervous system diseases
474,digestive system diseases
475,neoplasms
476,nervous system diseases
477,neoplasms
478,nervous system diseases
479,cardiovascular diseases
480,neoplasms
481,nervous system diseases
482,neoplasms
483,digestive system diseases
484,general pathological conditions
485,digestive system diseases
486,cardiovascular diseases
487,neoplasms
488,cardiovascular diseases
489,general pathological conditions
490,cardiovascular diseases
491,general pathological conditions
492,neoplasms
493,general pathological conditions
494,digestive system diseases
495,general pathological conditions
496,nervous system diseases
497,neoplasms
498,neoplasms
499,neoplasms
500,neoplasms
501,general pathological conditions
502,general pathological conditions
503,neoplasms
504,general pathological conditions
505,general pathological conditions
506,digestive system diseases
507,nervous system diseases
508,nervous system diseases
509,nervous system diseases
510,cardiovascular diseases
511,general pathological conditions
512,digestive system diseases
513,nervous system diseases
514,digestive system diseases
515,nervous system diseases
516,cardiovascular diseases
517,cardiovascular diseases
518,cardiovascular diseases
519,digestive system diseases
520,cardiovascular diseases
521,nervous system diseases
522,digestive system diseases
523,cardiovascular diseases
524,neoplasms
525,cardiovascular diseases
526,nervous system diseases
527,general pathological conditions
528,neoplasms
529,digestive system diseases
530,nervous system diseases
531,nervous system diseases
532,cardiovascular diseases
533,nervous system diseases
534,cardiovascular diseases
535,nervous system diseases
536,neoplasms
537,general pathological conditions
538,general pathological conditions
539,cardiovascular diseases
540,cardiovascular diseases
541,neoplasms
542,neoplasms
543,cardiovascular diseases
544,cardiovascular diseases
545,neoplasms
546,cardiovascular diseases
547,cardiovascular diseases
548,digestive system diseases
549,digestive system diseases
550,digestive system diseases
551,cardiovascular diseases
552,cardiovascular diseases
553,neoplasms
554,neoplasms
555,neoplasms
556,nervous system diseases
557,digestive system diseases
558,neoplasms
559,neoplasms
560,general pathological conditions
561,general pathological conditions
562,general pathological conditions
563,cardiovascular diseases
564,cardiovascular diseases
565,neoplasms
566,neoplasms
567,nervous system diseases
568,cardiovascular diseases
569,nervous system diseases
570,neoplasms
571,cardiovascular diseases
572,digestive system diseases
573,general pathological conditions
574,digestive system diseases
575,digestive system diseases
576,neoplasms
577,nervous system diseases
578,digestive system diseases
579,cardiovascular diseases
580,general pathological conditions
581,digestive system diseases
582,general pathological conditions
583,neoplasms
584,nervous system diseases
585,neoplasms
586,nervous system diseases
587,nervous system diseases
588,digestive system diseases
589,neoplasms
590,neoplasms
591,nervous system diseases
592,cardiovascular diseases
593,digestive system diseases
594,cardiovascular diseases
595,general pathological conditions
596,neoplasms
597,cardiovascular diseases
598,general pathological conditions
599,digestive system diseases
600,neoplasms
601,cardiovascular diseases
602,neoplasms
603,general pathological conditions
604,cardiovascular diseases
605,nervous system diseases
606,nervous system diseases
607,cardiovascular diseases
608,nervous system diseases
609,digestive system diseases
610,digestive system diseases
611,nervous system diseases
612,neoplasms
613,neoplasms
614,nervous system diseases
615,cardiovascular diseases
616,nervous system diseases
617,cardiovascular diseases
618,nervous system diseases
619,neoplasms
620,general pathological conditions
621,general pathological conditions
622,general pathological conditions
623,nervous system diseases
624,neoplasms
625,cardiovascular diseases
626,neoplasms
627,digestive system diseases
628,neoplasms
629,cardiovascular diseases
630,cardiovascular diseases
631,cardiovascular diseases
632,digestive system diseases
633,cardiovascular diseases
634,cardiovascular diseases
635,neoplasms
636,general pathological conditions
637,digestive system diseases
638,neoplasms
639,digestive system diseases
640,cardiovascular diseases
641,neoplasms
642,nervous system diseases
643,neoplasms
644,nervous system diseases
645,nervous system diseases
646,neoplasms
647,cardiovascular diseases
648,general pathological conditions
649,neoplasms
650,general pathological conditions
651,nervous system diseases
652,cardiovascular diseases
653,digestive system diseases
654,nervous system diseases
655,general pathological conditions
656,neoplasms
657,nervous system diseases
658,nervous system diseases
659,neoplasms
660,neoplasms
661,nervous system diseases
662,nervous system diseases
663,digestive system diseases
664,general pathological conditions
665,neoplasms
666,digestive system diseases
667,cardiovascular diseases
668,general pathological conditions
669,cardiovascular diseases
670,cardiovascular diseases
671,cardiovascular diseases
672,nervous system diseases
673,neoplasms
674,digestive system diseases
675,digestive system diseases
676,general pathological conditions
677,neoplasms
678,neoplasms
679,digestive system diseases
680,cardiovascular diseases
681,general pathological conditions
682,nervous system diseases
683,general pathological conditions
684,neoplasms
685,general pathological conditions
686,cardiovascular diseases
687,nervous system diseases
688,cardiovascular diseases
689,cardiovascular diseases
690,cardiovascular diseases
691,neoplasms
692,neoplasms
693,digestive system diseases
694,neoplasms
695,nervous system diseases
696,cardiovascular diseases
697,nervous system diseases
698,cardiovascular diseases
699,cardiovascular diseases
700,neoplasms
701,digestive system diseases
702,general pathological conditions
703,digestive system diseases
704,cardiovascular diseases
705,general pathological conditions
706,neoplasms
707,general pathological conditions
708,nervous system diseases
709,nervous system diseases
710,digestive system diseases
711,nervous system diseases
712,nervous system diseases
713,digestive system diseases
714,cardiovascular diseases
715,general pathological conditions
716,cardiovascular diseases
717,neoplasms
718,digestive system diseases
719,neoplasms
720,cardiovascular diseases
721,cardiovascular diseases
722,digestive system diseases
723,cardiovascular diseases
724,digestive system diseases
725,nervous system diseases
726,nervous system diseases
727,general pathological conditions
728,digestive system diseases
729,cardiovascular diseases
730,general pathological conditions
731,general pathological conditions
732,digestive system diseases
733,digestive system diseases
734,cardiovascular diseases
735,nervous system diseases
736,neoplasms
737,general pathological conditions
738,neoplasms
739,general pathological conditions
740,nervous system diseases
741,cardiovascular diseases
742,digestive system diseases
743,nervous system diseases
744,digestive system diseases
745,neoplasms
746,digestive system diseases
747,digestive system diseases
748,digestive system diseases
749,cardiovascular diseases
750,general pathological conditions
751,cardiovascular diseases
752,neoplasms
753,cardiovascular diseases
754,nervous system diseases
755,nervous system diseases
756,cardiovascular diseases
757,neoplasms
758,general pathological conditions
759,digestive system diseases
760,cardiovascular diseases
761,digestive system diseases
762,nervous system diseases
763,neoplasms
764,cardiovascular diseases
765,nervous system diseases
766,general pathological conditions
767,neoplasms
768,cardiovascular diseases
769,general pathological conditions
770,neoplasms
771,neoplasms
772,digestive system diseases
773,cardiovascular diseases
774,nervous system diseases
775,neoplasms
776,nervous system diseases
777,neoplasms
778,digestive system diseases
779,nervous system diseases
780,cardiovascular diseases
781,nervous system diseases
782,nervous system diseases
783,neoplasms
784,neoplasms
785,digestive system diseases
786,digestive system diseases
787,nervous system diseases
788,cardiovascular diseases
789,digestive system diseases
790,neoplasms
791,cardiovascular diseases
792,neoplasms
793,neoplasms
794,cardiovascular diseases
795,general pathological conditions
796,digestive system diseases
797,neoplasms
798,cardiovascular diseases
799,digestive system diseases
800,cardiovascular diseases
801,cardiovascular diseases
802,neoplasms
803,nervous system diseases
804,neoplasms
805,cardiovascular diseases
806,cardiovascular diseases
807,neoplasms
808,neoplasms
809,neoplasms
810,neoplasms
811,digestive system diseases
812,neoplasms
813,cardiovascular diseases
814,nervous system diseases
815,digestive system diseases
816,general pathological conditions
817,cardiovascular diseases
818,nervous system diseases
819,neoplasms
820,digestive system diseases
821,cardiovascular diseases
822,general pathological conditions
823,general pathological conditions
824,neoplasms
825,cardiovascular diseases
826,neoplasms
827,neoplasms
828,cardiovascular diseases
829,nervous system diseases
830,cardiovascular diseases
831,cardiovascular diseases
832,neoplasms
833,general pathological conditions
834,cardiovascular diseases
835,digestive system diseases
836,cardiovascular diseases
837,cardiovascular diseases
838,cardiovascular diseases
839,digestive system diseases
840,neoplasms
841,nervous system diseases
842,cardiovascular diseases
843,digestive system diseases
844,general pathological conditions
845,nervous system diseases
846,general pathological conditions
847,cardiovascular diseases
848,neoplasms
849,neoplasms
850,neoplasms
851,cardiovascular diseases
852,nervous system diseases
853,digestive system diseases
854,digestive system diseases
855,neoplasms
856,neoplasms
857,nervous system diseases
858,general pathological conditions
859,general pathological conditions
860,nervous system diseases
861,digestive system diseases
862,nervous system diseases
863,nervous system diseases
864,digestive system diseases
865,nervous system diseases
866,neoplasms
867,neoplasms
868,nervous system diseases
869,nervous system diseases
870,nervous system diseases
871,cardiovascular diseases
872,digestive system diseases
873,general pathological conditions
874,neoplasms
875,general pathological conditions
876,neoplasms
877,neoplasms
878,digestive system diseases
879,cardiovascular diseases
880,neoplasms
881,neoplasms
882,neoplasms
883,nervous system diseases
884,cardiovascular diseases
885,cardiovascular diseases
886,neoplasms
887,cardiovascular diseases
888,digestive system diseases
889,neoplasms
890,cardiovascular diseases
891,neoplasms
892,digestive system diseases
893,general pathological conditions
894,nervous system diseases
895,cardiovascular diseases
896,cardiovascular diseases
897,cardiovascular diseases
898,digestive system diseases
899,neoplasms
900,nervous system diseases
901,general pathological conditions
902,cardiovascular diseases
903,general pathological conditions
904,digestive system diseases
905,neoplasms
906,neoplasms
907,neoplasms
908,cardiovascular diseases
909,nervous system diseases
910,general pathological conditions
911,neoplasms
912,cardiovascular diseases
913,digestive system diseases
914,cardiovascular diseases
915,cardiovascular diseases
916,neoplasms
917,digestive system diseases
918,cardiovascular diseases
919,neoplasms
920,neoplasms
921,digestive system diseases
922,nervous system diseases
923,neoplasms
924,neoplasms
925,digestive system diseases
926,cardiovascular diseases
927,cardiovascular diseases
928,cardiovascular diseases
929,general pathological conditions
930,cardiovascular diseases
931,neoplasms
932,cardiovascular diseases
933,general pathological conditions
934,general pathological conditions
935,general pathological conditions
936,neoplasms
937,neoplasms
938,general pathological conditions
939,nervous system diseases
940,cardiovascular diseases
941,neoplasms
942,cardiovascular diseases
943,neoplasms
944,digestive system diseases
945,nervous system diseases
946,general pathological conditions
947,neoplasms
948,digestive system diseases
949,cardiovascular diseases
950,cardiovascular diseases
951,general pathological conditions
952,general pathological conditions
953,general pathological conditions
954,digestive system diseases
955,digestive system diseases
956,cardiovascular diseases
957,neoplasms
958,cardiovascular diseases
959,nervous system diseases
960,nervous system diseases
961,nervous system diseases
962,digestive system diseases
963,cardiovascular diseases
964,neoplasms
965,neoplasms
966,cardiovascular diseases
967,nervous system diseases
968,nervous system diseases
969,cardiovascular diseases
970,cardiovascular diseases
971,cardiovascular diseases
972,neoplasms
973,digestive system diseases
974,nervous system diseases
975,cardiovascular diseases
976,cardiovascular diseases
977,digestive system diseases
978,digestive system diseases
979,digestive system diseases
980,neoplasms
981,neoplasms
982,cardiovascular diseases
983,general pathological conditions
984,neoplasms
985,digestive system diseases
986,nervous system diseases
987,nervous system diseases
988,general pathological conditions
989,nervous system diseases
990,cardiovascular diseases
991,neoplasms
992,cardiovascular diseases
993,digestive system diseases
994,cardiovascular diseases
995,nervous system diseases
996,digestive system diseases
997,neoplasms
998,cardiovascular diseases
999,cardiovascular diseases
1000,general pathological conditions
1001,digestive system diseases
1002,nervous system diseases
1003,digestive system diseases
1004,general pathological conditions
1005,cardiovascular diseases
1006,general pathological conditions
1007,general pathological conditions
1008,general pathological conditions
1009,neoplasms
1010,nervous system diseases
1011,digestive system diseases
1012,general pathological conditions
1013,general pathological conditions
1014,digestive system diseases
1015,nervous system diseases
1016,cardiovascular diseases
1017,digestive system diseases
1018,neoplasms
1019,digestive system diseases
1020,digestive system diseases
1021,nervous system diseases
1022,digestive system diseases
1023,nervous system diseases
1024,cardiovascular diseases
1025,cardiovascular diseases
1026,digestive system diseases
1027,cardiovascular diseases
1028,nervous system diseases
1029,digestive system diseases
1030,digestive system diseases
1031,neoplasms
1032,cardiovascular diseases
1033,digestive system diseases
1034,cardiovascular diseases
1035,neoplasms
1036,general pathological conditions
1037,general pathological conditions
1038,neoplasms
1039,neoplasms
1040,cardiovascular diseases
1041,general pathological conditions
1042,cardiovascular diseases
1043,cardiovascular diseases
1044,nervous system diseases
1045,neoplasms
1046,neoplasms
1047,cardiovascular diseases
1048,general pathological conditions
1049,nervous system diseases
1050,nervous system diseases
1051,cardiovascular diseases
1052,cardiovascular diseases
1053,digestive system diseases
1054,cardiovascular diseases
1055,cardiovascular diseases
1056,digestive system diseases
1057,nervous system diseases
1058,general pathological conditions
1059,digestive system diseases
1060,cardiovascular diseases
1061,neoplasms
1062,general pathological conditions
1063,neoplasms
1064,nervous system diseases
1065,digestive system diseases
1066,cardiovascular diseases
1067,digestive system diseases
1068,neoplasms
1069,neoplasms
1070,neoplasms
1071,neoplasms
1072,nervous system diseases
1073,general pathological conditions
1074,general pathological conditions
1075,digestive system diseases
1076,nervous system diseases
1077,digestive system diseases
1078,cardiovascular diseases
1079,nervous system diseases
1080,cardiovascular diseases
1081,general pathological conditions
1082,digestive system diseases
1083,general pathological conditions
1084,neoplasms
1085,general pathological conditions
1086,neoplasms
1087,neoplasms
1088,neoplasms
1089,digestive system diseases
1090,nervous system diseases
1091,digestive system diseases
1092,nervous system diseases
1093,cardiovascular diseases
1094,neoplasms
1095,cardiovascular diseases
1096,neoplasms
1097,general pathological conditions
1098,digestive system diseases
1099,digestive system diseases
1100,general pathological conditions
1101,digestive system diseases
1102,nervous system diseases
1103,nervous system diseases
1104,nervous system diseases
1105,cardiovascular diseases
1106,nervous system diseases
1107,cardiovascular diseases
1108,cardiovascular diseases
1109,neoplasms
1110,digestive system diseases
1111,cardiovascular diseases
1112,general pathological conditions
1113,neoplasms
1114,neoplasms
1115,digestive system diseases
1116,cardiovascular diseases
1117,nervous system diseases
1118,nervous system diseases
1119,general pathological conditions
1120,cardiovascular diseases
1121,general pathological conditions
1122,digestive system diseases
1123,general pathological conditions
1124,digestive system diseases
1125,neoplasms
1126,digestive system diseases
1127,cardiovascular diseases
1128,cardiovascular diseases
1129,digestive system diseases
1130,cardiovascular diseases
1131,digestive system diseases
1132,general pathological conditions
1133,nervous system diseases
1134,digestive system diseases
1135,neoplasms
1136,general pathological conditions
1137,general pathological conditions
1138,general pathological conditions
1139,cardiovascular diseases
1140,digestive system diseases
1141,general pathological conditions
1142,digestive system diseases
1143,digestive system diseases
1144,neoplasms
1145,general pathological conditions
1146,general pathological conditions
1147,digestive system diseases
1148,digestive system diseases
1149,neoplasms
1150,cardiovascular diseases
1151,nervous system diseases
1152,nervous system diseases
1153,cardiovascular diseases
1154,nervous system diseases
1155,nervous system diseases
1156,nervous system diseases
1157,digestive system diseases
1158,cardiovascular diseases
1159,digestive system diseases
1160,general pathological conditions
1161,cardiovascular diseases
1162,cardiovascular diseases
1163,neoplasms
1164,neoplasms
1165,digestive system diseases
1166,neoplasms
1167,general pathological conditions
1168,cardiovascular diseases
1169,cardiovascular diseases
1170,digestive system diseases
1171,cardiovascular diseases
1172,cardiovascular diseases
1173,general pathological conditions
1174,general pathological conditions
1175,general pathological conditions
1176,cardiovascular diseases
1177,neoplasms
1178,digestive system diseases
1179,cardiovascular diseases
1180,digestive system diseases
1181,general pathological conditions
1182,nervous system diseases
1183,neoplasms
1184,cardiovascular diseases
1185,digestive system diseases
1186,digestive system diseases
1187,general pathological conditions
1188,general pathological conditions
1189,cardiovascular diseases
1190,cardiovascular diseases
1191,cardiovascular diseases
1192,cardiovascular diseases
1193,nervous system diseases
1194,digestive system diseases
1195,digestive system diseases
1196,neoplasms
1197,general pathological conditions
1198,digestive system diseases
1199,neoplasms
1200,digestive system diseases
1201,cardiovascular diseases
1202,nervous system diseases
1203,neoplasms
1204,cardiovascular diseases
1205,nervous system diseases
1206,cardiovascular diseases
1207,nervous system diseases
1208,general pathological conditions
1209,digestive system diseases
1210,cardiovascular diseases
1211,neoplasms
1212,digestive system diseases
1213,nervous system diseases
1214,cardiovascular diseases
1215,nervous system diseases
1216,digestive system diseases
1217,nervous system diseases
1218,general pathological conditions
1219,cardiovascular diseases
1220,nervous system diseases
1221,general pathological conditions
1222,general pathological conditions
1223,digestive system diseases
1224,general pathological conditions
1225,nervous system diseases
1226,nervous system diseases
1227,nervous system diseases
1228,cardiovascular diseases
1229,cardiovascular diseases
1230,cardiovascular diseases
1231,neoplasms
1232,cardiovascular diseases
1233,digestive system diseases
1234,digestive system diseases
1235,neoplasms
1236,general pathological conditions
1237,cardiovascular diseases
1238,cardiovascular diseases
1239,digestive system diseases
1240,digestive system diseases
1241,cardiovascular diseases
1242,cardiovascular diseases
1243,digestive system diseases
1244,general pathological conditions
1245,neoplasms
1246,digestive system diseases
1247,general pathological conditions
1248,cardiovascular diseases
1249,cardiovascular diseases
1250,neoplasms
1251,neoplasms
1252,neoplasms
1253,nervous system diseases
1254,cardiovascular diseases
1255,digestive system diseases
1256,cardiovascular diseases
1257,nervous system diseases
1258,cardiovascular diseases
1259,neoplasms
1260,general pathological conditions
1261,general pathological conditions
1262,cardiovascular diseases
1263,cardiovascular diseases
1264,nervous system diseases
1265,general pathological conditions
1266,nervous system diseases
1267,neoplasms
1268,digestive system diseases
1269,cardiovascular diseases
1270,general pathological conditions
1271,neoplasms
1272,general pathological conditions
1273,cardiovascular diseases
1274,general pathological conditions
1275,general pathological conditions
1276,nervous system diseases
1277,neoplasms
1278,digestive system diseases
1279,nervous system diseases
1280,nervous system diseases
1281,digestive system diseases
1282,neoplasms
1283,general pathological conditions
1284,nervous system diseases
1285,cardiovascular diseases
1286,digestive system diseases
1287,nervous system diseases
1288,cardiovascular diseases
1289,digestive system diseases
1290,neoplasms
1291,general pathological conditions
1292,nervous system diseases
1293,neoplasms
1294,neoplasms
1295,cardiovascular diseases
1296,neoplasms
1297,nervous system diseases
1298,nervous system diseases
1299,neoplasms
1300,nervous system diseases
1301,nervous system diseases
1302,cardiovascular diseases
1303,general pathological conditions
1304,general pathological conditions
1305,general pathological conditions
1306,digestive system diseases
1307,general pathological conditions
1308,nervous system diseases
1309,neoplasms
1310,cardiovascular diseases
1311,nervous system diseases
1312,digestive system diseases
1313,neoplasms
1314,cardiovascular diseases
1315,cardiovascular diseases
1316,neoplasms
1317,cardiovascular diseases
1318,cardiovascular diseases
1319,nervous system diseases
1320,cardiovascular diseases
1321,neoplasms
1322,cardiovascular diseases
1323,digestive system diseases
1324,neoplasms
1325,cardiovascular diseases
1326,neoplasms
1327,digestive system diseases
1328,cardiovascular diseases
1329,neoplasms
1330,neoplasms
1331,nervous system diseases
1332,cardiovascular diseases
1333,neoplasms
1334,digestive system diseases
1335,neoplasms
1336,digestive system diseases
1337,nervous system diseases
1338,neoplasms
1339,nervous system diseases
1340,neoplasms
1341,general pathological conditions
1342,neoplasms
1343,cardiovascular diseases
1344,nervous system diseases
1345,cardiovascular diseases
1346,neoplasms
1347,nervous system diseases
1348,nervous system diseases
1349,general pathological conditions
1350,digestive system diseases
1351,nervous system diseases
1352,digestive system diseases
1353,cardiovascular diseases
1354,neoplasms
1355,digestive system diseases
1356,neoplasms
1357,neoplasms
1358,general pathological conditions
1359,cardiovascular diseases
1360,nervous system diseases
1361,digestive system diseases
1362,neoplasms
1363,neoplasms
1364,digestive system diseases
1365,neoplasms
1366,neoplasms
1367,general pathological conditions
1368,cardiovascular diseases
1369,general pathological conditions
1370,nervous system diseases
1371,nervous system diseases
1372,neoplasms
1373,cardiovascular diseases
1374,cardiovascular diseases
1375,neoplasms
1376,neoplasms
1377,cardiovascular diseases
1378,digestive system diseases
1379,digestive system diseases
1380,neoplasms
1381,neoplasms
1382,digestive system diseases
1383,neoplasms
1384,cardiovascular diseases
1385,nervous system diseases
1386,neoplasms
1387,cardiovascular diseases
1388,neoplasms
1389,cardiovascular diseases
1390,digestive system diseases
1391,general pathological conditions
1392,cardiovascular diseases
1393,nervous system diseases
1394,cardiovascular diseases
1395,cardiovascular diseases
1396,cardiovascular diseases
1397,nervous system diseases
1398,digestive system diseases
1399,nervous system diseases
1400,neoplasms
1401,nervous system diseases
1402,cardiovascular diseases
1403,nervous system diseases
1404,nervous system diseases
1405,digestive system diseases
1406,neoplasms
1407,cardiovascular diseases
1408,nervous system diseases
1409,cardiovascular diseases
1410,neoplasms
1411,neoplasms
1412,nervous system diseases
1413,cardiovascular diseases
1414,neoplasms
1415,general pathological conditions
1416,cardiovascular diseases
1417,general pathological conditions
1418,nervous system diseases
1419,general pathological conditions
1420,cardiovascular diseases
1421,nervous system diseases
1422,neoplasms
1423,nervous system diseases
1424,general pathological conditions
1425,nervous system diseases
1426,general pathological conditions
1427,digestive system diseases
1428,cardiovascular diseases
1429,digestive system diseases
1430,neoplasms
1431,general pathological conditions
1432,general pathological conditions
1433,digestive system diseases
1434,cardiovascular diseases
1435,general pathological conditions
1436,nervous system diseases
1437,neoplasms
1438,digestive system diseases
1439,general pathological conditions
1440,digestive system diseases
1441,digestive system diseases
1442,cardiovascular diseases
1443,digestive system diseases
